<?xml version="1.0" encoding="UTF-8"?>
<configuration scan="true" scanPeriod="60 seconds">
  <property resource="bootstrap.properties"/>
  <property name="LOG_HOME" value="/app/sso/logs" />
  <property name="SERVICE_NAME" value="${spring.application.name}" />

  <!-- Log message format for STDOUT-->
  <appender name="STDOUT" class="ch.qos.logback.core.ConsoleAppender">
    <encoder>
        <pattern>[%d{"yyyy-MM-dd HH:mm:ss.SSS"}][%thread][%-5level][%logger{36}][%mdc{nonce}]- %msg%n</pattern>
    </encoder>
  </appender>

  <!-- Application logging -->
  <appender name="FILE" class="ch.qos.logback.core.rolling.RollingFileAppender">
    <file>${LOG_HOME}/app_${SERVICE_NAME}.log</file>
    <encoder class="ch.qos.logback.classic.encoder.PatternLayoutEncoder">
        <pattern>[%d{"yyyy-MM-dd HH:mm:ss.SSS"}][%thread][%-5level][%logger{36}][%mdc{nonce}]- %msg%n</pattern>
    </encoder>
    <rollingPolicy class="ch.qos.logback.core.rolling.TimeBasedRollingPolicy">
        <!-- rollover daily -->
<fileNamePattern>${LOG_HOME}/archived/app_${SERVICE_NAME}.%d{yyyy-MM-dd}.%i.log</fileNamePattern>
        <timeBasedFileNamingAndTriggeringPolicy class="ch.qos.logback.core.rolling.SizeAndTimeBasedFNATP">
            <maxFileSize>10MB</maxFileSize>
          </timeBasedFileNamingAndTriggeringPolicy>
    </rollingPolicy>
  </appender>

  <!-- Audit logging -->
  <appender name="AUDIT" class="ch.qos.logback.core.rolling.RollingFileAppender">
    <file>${LOG_HOME}/audit_${SERVICE_NAME}.log</file>
    <encoder class="ch.qos.logback.classic.encoder.PatternLayoutEncoder">
        <pattern>[%d{"yyyy-MM-dd HH:mm:ss.SSS"}][%thread][%mdc{nonce}]- %msg%n</pattern>
    </encoder>
    <rollingPolicy class="ch.qos.logback.core.rolling.TimeBasedRollingPolicy">
        <!-- rollover daily -->
<fileNamePattern>${LOG_HOME}/archived/audit_${SERVICE_NAME}.%d{yyyy-MM-dd}.%i.log</fileNamePattern>
        <timeBasedFileNamingAndTriggeringPolicy class="ch.qos.logback.core.rolling.SizeAndTimeBasedFNATP">
            <maxFileSize>10MB</maxFileSize>
          </timeBasedFileNamingAndTriggeringPolicy>
    </rollingPolicy>
  </appender>
  
  
  
  
  
  
  <!-- mybatis query log setting -->
<logger name="jdbc" level="OFF" />
<logger name="jdbc.sqlonly" level="OFF" />
<logger name="jdbc.sqltiming" level="DEBUG" />
<logger name="jdbc.audit" level="OFF" />
<logger name="jdbc.resultset" level="OFF" />
<logger name="jdbc.resultsettable" level="OFF" />
<logger name="jdbc.connection" level="OFF" />
  
     <!-- <logger name="com.ndml.dac.core.RecordMapper" >  <==== define the log level for your own mapper 
        <level value="DEBUG"/>
    </logger>-->
  

  <!-- Level Higherarchy : TRACE    > DEBUG > INFO > WARN > ERROR -->
  <logger name="org.hibernate.SQL" level="WARN" />
  <logger name="org.hibernate.engine.jdbc.env.internal.LobCreatorBuilderImpl" level="WARN" />
  <logger name="org.apache.tomcat.util.net" level="INFO" />
  <logger name="org.springframework" level="INFO" />

 <!-- <logger name="in.co.nsdl.audit.logging.LoggingReqResAspect" level="TRACE" additivity="false">
    <appender-ref ref="AUDIT" />
  </logger>

  <logger name="in.co.nsdl" level="DEBUG" additivity="false">
    <appender-ref ref="FILE" />
  </logger>
  -->

  <!-- Setting the root level of logging to INFO, so only INFO, WARN, ERROR will be logged to root file -->
  <root level="INFO">
    <appender-ref ref="FILE" />
    <appender-ref ref="STDOUT" />
  </root>
</configuration> 